,date,ticker,position_size,max_loss,max_profit,max_close_profit,risk_reward_ratio,premarket_low_break_price,premarket_low_break_time,premarket_high_break_price,premarket_high_break_time,open_price_break_price,open_price_break_time,two_min_break_price,two_min_break_time,best_signal,signal_time,signal_price,stop_strategy,best_stop,best_stop_price,premarket_low_break_stop_price,premarket_low_break_stopped_out,premarket_low_break_drawdown,premarket_high_break_stop_price,premarket_high_break_stopped_out,premarket_high_break_drawdown,open_price_break_stop_price,open_price_break_stopped_out,open_price_break_drawdown,two_min_break_stop_price,two_min_break_stopped_out,two_min_break_drawdown,_2_minute_quick_exit_time,_2_minute_quick_exit_price,_2_minute_delayed_exit_time,_2_minute_delayed_exit_price,_3_minute_quick_exit_time,_3_minute_quick_exit_price,_3_minute_delayed_exit_time,_3_minute_delayed_exit_price,_4_minute_quick_exit_time,_4_minute_quick_exit_price,_4_minute_delayed_exit_time,_4_minute_delayed_exit_price,_5_minute_quick_exit_time,_5_minute_quick_exit_price,_5_minute_delayed_exit_time,_5_minute_delayed_exit_price,close_price,high_price,low_price,contingency_data
0,2017-12-15,ROKU,1000,0.23000000000000398,6.659999999999997,5.589999999999996,24.30434782608652,,,47.4728,2017-12-15 09:41:50,47.5973,2017-12-15 09:41:55,46.99,2017-12-15 09:34:00,two_min_break,2017-12-15 09:34:00,46.99,market_hours_low,premarket_high_break,46.76,,False,,46.76,False,0.3125701459034778,46.76,False,0.4147856204466708,46.76,False,0.47826086956520664,2017-12-15 09:44:00-05:00,47.3,2017-12-15 09:44:00-05:00,47.27,2017-12-15 09:45:00-05:00,47.3,2017-12-15 09:57:00-05:00,47.86,2017-12-15 09:44:00-05:00,47.24,2017-12-15 10:16:00-05:00,48.8,2017-12-15 09:45:00-05:00,47.24,2017-12-15 10:15:00-05:00,48.8,52.58,53.65,46.65,"{'premarket_vol_pct': 0.00476905041316196, 'five_min_vol_pct': 0.016295675409034205, 'ten_min_vol_pct': 0.02865742434838472, 'fifteen_min_vol_pct': 0.04384203097953023, 'twenty_min_vol_pct': 0.05419092834031533, 'twenty_five_min_vol_pct': 0.08950036212470082, 'thirty_min_vol_pct': 0.12434810208524937, 'premarket_return': 0.016077170418006492, 'two_min_return': -0.010425442291491116, 'five_min_return': -0.010600252737994809, 'ten_min_return': -0.0034435551811289322, 'fifteen_min_return': -0.00484414490311702, 'twenty_min_return': 0.003580454928390875, 'twenty_five_min_return': 0.01477042965459141, 'thirty_min_return': 0.011371103622578094, 'break_pre_low_5': False, 'break_pre_high_5': True, 'break_pre_low_10': False, 'break_pre_high_10': True, 'break_pre_low_15': False, 'break_pre_high_15': True, 'break_pre_low_20': False, 'break_pre_high_20': True, 'break_pre_low_30': False, 'break_pre_high_30': True}"
1,2019-01-07,ROKU,1000,0.7310999999999979,5.728899999999996,4.928899999999999,6.741758993297789,,,37.2511,2019-01-07 09:32:20,,,37.45,2019-01-07 09:32:00,premarket_high_break,2019-01-07 09:32:20,37.2511,market_hours_low,premarket_high_break,36.52,,False,,36.52,False,0.43920120366571225,,False,,36.52,False,0.7096774193548429,2019-01-07 09:42:00-05:00,37.52,2019-01-07 09:46:00-05:00,37.72,2019-01-07 09:48:00-05:00,37.63,2019-01-07 10:36:00-05:00,39.28,2019-01-07 09:48:00-05:00,37.63,2019-01-07 10:48:00-05:00,39.43,2019-01-07 10:05:00-05:00,38.04,2019-01-07 12:00:00-05:00,41.74,42.18,42.98,33.9,"{'premarket_vol_pct': 0.06692896868886296, 'five_min_vol_pct': 0.14802646852346985, 'ten_min_vol_pct': 0.22581830340951164, 'fifteen_min_vol_pct': 0.31909320858433105, 'twenty_min_vol_pct': 0.388524606493795, 'twenty_five_min_vol_pct': 0.44069620581528623, 'thirty_min_vol_pct': 0.5115926829561186, 'premarket_return': 0.08571428571428563, 'two_min_return': 0.0021721422753189223, 'five_min_return': 0.0035297311973934153, 'ten_min_return': 0.020021721422753158, 'fifteen_min_return': 0.03638338311159384, 'twenty_min_return': 0.027694814010317703, 'twenty_five_min_return': 0.02633722508824321, 'thirty_min_return': 0.03855552538691298, 'break_pre_low_5': False, 'break_pre_high_5': True, 'break_pre_low_10': False, 'break_pre_high_10': True, 'break_pre_low_15': False, 'break_pre_high_15': True, 'break_pre_low_20': False, 'break_pre_high_20': True, 'break_pre_low_30': False, 'break_pre_high_30': True}"
2,2018-09-04,CGC,1000,6.199999999999989,73.40000000000003,52.599999999999966,8.483870967741945,,,473.7,2018-09-04 09:31:05,,,470.3,2018-09-04 09:42:00,two_min_break,2018-09-04 09:42:00,470.3,market_hours_low,two_min_break,464.1,,False,,468.0,True,1.684210526315787,,False,,464.1,False,0.3683870967741929,2018-09-04 09:50:00-04:00,471.49,2018-09-04 10:04:00-04:00,484.1,2018-09-04 10:15:00-04:00,489.29,2018-09-04 10:27:00-04:00,490.9,2018-09-04 10:16:00-04:00,489.29,2018-09-04 10:28:00-04:00,486.8,2018-09-04 10:25:00-04:00,491.99,2018-09-04 10:25:00-04:00,490.9,522.9,543.7,457.2,"{'premarket_vol_pct': 0.030118090377274667, 'five_min_vol_pct': 0.0672294631781732, 'ten_min_vol_pct': 0.10944698848205305, 'fifteen_min_vol_pct': 0.14527229702776354, 'twenty_min_vol_pct': 0.17910940305164014, 'twenty_five_min_vol_pct': 0.21593425636080626, 'thirty_min_vol_pct': 0.2810845222517353, 'premarket_return': 0.005336179295624355, 'two_min_return': 0.008714133900106225, 'five_min_return': 0.001912858660998884, 'ten_min_return': -0.007226354941551438, 'fifteen_min_return': 0.00021253985122204888, 'twenty_min_return': 0.006673751328374111, 'twenty_five_min_return': 0.01679064824654608, 'thirty_min_return': 0.025356004250796982, 'break_pre_low_5': False, 'break_pre_high_5': True, 'break_pre_low_10': False, 'break_pre_high_10': True, 'break_pre_low_15': False, 'break_pre_high_15': True, 'break_pre_low_20': False, 'break_pre_high_20': True, 'break_pre_low_30': False, 'break_pre_high_30': True}"
3,2018-09-04,AMD,1000,0.13250000000000028,2.900000000000002,2.3701000000000008,17.88754716981129,,,25.7,2018-09-04 09:30:20,,,26.08,2018-09-04 09:32:00,premarket_high_break,2018-09-04 09:30:20,25.7,market_hours_low,premarket_high_break,25.5675,,False,,25.5675,False,0.822641509433947,,False,,25.5675,False,0.4292682926829252,2018-09-04 09:34:00-04:00,25.95,2018-09-04 09:34:00-04:00,25.9,2018-09-04 09:36:00-04:00,25.86,2018-09-04 09:57:00-04:00,26.33,2018-09-04 09:36:00-04:00,25.86,2018-09-04 10:08:00-04:00,26.44,2018-09-04 10:10:00-04:00,26.46,2018-09-04 10:20:00-04:00,26.35,28.0701,28.6,25.42,"{'premarket_vol_pct': 0.016013015055804117, 'five_min_vol_pct': 0.07492609804297388, 'ten_min_vol_pct': 0.11586223040630537, 'fifteen_min_vol_pct': 0.14453929910393912, 'twenty_min_vol_pct': 0.1804108542884894, 'twenty_five_min_vol_pct': 0.22650553935272422, 'thirty_min_vol_pct': 0.2627307060382347, 'premarket_return': -0.0007800312012480326, 'two_min_return': 0.017759562841529908, 'five_min_return': 0.015222482435597318, 'ten_min_return': 0.017177985948477748, 'fifteen_min_return': 0.016003122560499516, 'twenty_min_return': 0.021077283372365363, 'twenty_five_min_return': 0.031420765027322384, 'thirty_min_return': 0.029098360655737787, 'break_pre_low_5': False, 'break_pre_high_5': True, 'break_pre_low_10': False, 'break_pre_high_10': True, 'break_pre_low_15': False, 'break_pre_high_15': True, 'break_pre_low_20': False, 'break_pre_high_20': True, 'break_pre_low_30': False, 'break_pre_high_30': True}"
4,2024-01-19,SMCI,1000,3.7898999999999887,86.32999999999998,80.69,21.290799229531185,342.67,2024-01-19 09:32:05,355.445,2024-01-19 09:34:10,349.2787,2024-01-19 09:32:45,353.97,2024-01-19 09:32:00,premarket_low_break,2024-01-19 09:32:05,342.67,market_hours_low,premarket_low_break,338.8801,338.8801,False,0.16435789862529815,338.8801,False,0.10564506879003215,338.8801,False,0.23643567403304222,338.8801,False,0.8953008303567318,2024-01-19 09:56:00-05:00,381.48,2024-01-19 10:06:00-05:00,390.22,2024-01-19 09:54:00-05:00,381.26,2024-01-19 09:54:00-05:00,381.21,2024-01-19 09:56:00-05:00,381.26,2024-01-19 10:48:00-05:00,405.68,2024-01-19 10:10:00-05:00,386.7,2024-01-19 10:45:00-05:00,408.21,423.36,429.0,338.8801,"{'premarket_vol_pct': 0.10115916608116506, 'five_min_vol_pct': 0.31006741316036884, 'ten_min_vol_pct': 0.5815831620391677, 'fifteen_min_vol_pct': 0.7241234094444625, 'twenty_min_vol_pct': 0.9055028260301118, 'twenty_five_min_vol_pct': 1.114339433319569, 'thirty_min_vol_pct': 1.2529735389215608, 'premarket_return': -0.008143322475570147, 'two_min_return': -0.013004948785821147, 'five_min_return': 0.030210611117504893, 'ten_min_return': 0.05613419265738284, 'fifteen_min_return': 0.07031879387731621, 'twenty_min_return': 0.09476061687190707, 'twenty_five_min_return': 0.11203820923006091, 'thirty_min_return': 0.11344803774887802, 'break_pre_low_5': True, 'break_pre_high_5': True, 'break_pre_low_10': True, 'break_pre_high_10': True, 'break_pre_low_15': True, 'break_pre_high_15': True, 'break_pre_low_20': True, 'break_pre_high_20': True, 'break_pre_low_30': True, 'break_pre_high_30': True}"
5,2023-07-26,XPEV,1000,0.3000000000000007,3.979999999999997,1.5999999999999979,5.3333333333333135,,,17.85,2023-07-26 09:31:00,,,18.74,2023-07-26 09:34:00,premarket_high_break,2023-07-26 09:31:00,17.85,market_hours_low,premarket_high_break,17.55,,False,,17.55,False,0.8333333333333314,,False,,17.55,False,0.5966386554621838,2023-07-26 09:34:00-04:00,18.1,2023-07-26 09:50:00-04:00,20.14,2023-07-26 09:51:00-04:00,20.14,2023-07-26 10:09:00-04:00,20.62,2023-07-26 10:04:00-04:00,20.59,2023-07-26 10:12:00-04:00,20.48,2023-07-26 10:10:00-04:00,20.82,2023-07-26 10:10:00-04:00,20.27,19.45,21.83,15.35,"{'premarket_vol_pct': 0.226460736631814, 'five_min_vol_pct': 0.36448374578463655, 'ten_min_vol_pct': 0.6022136349001023, 'fifteen_min_vol_pct': 0.8637407045470379, 'twenty_min_vol_pct': 1.2929576627822246, 'twenty_five_min_vol_pct': 1.5080212053256208, 'thirty_min_vol_pct': 1.7337827047240313, 'premarket_return': 0.13376205787781337, 'two_min_return': 0.03458049886621306, 'five_min_return': 0.05300453514739223, 'ten_min_return': 0.08446712018140579, 'fifteen_min_return': 0.12414965986394555, 'twenty_min_return': 0.16156462585034004, 'twenty_five_min_return': 0.15136054421768685, 'thirty_min_return': 0.1929138321995465, 'break_pre_low_5': False, 'break_pre_high_5': True, 'break_pre_low_10': False, 'break_pre_high_10': True, 'break_pre_low_15': False, 'break_pre_high_15': True, 'break_pre_low_20': False, 'break_pre_high_20': True, 'break_pre_low_30': False, 'break_pre_high_30': True}"
6,2020-01-09,BYND,1000,0.9500000000000028,11.480000000000004,7.900000000000006,8.315789473684191,82.3,2020-01-09 09:41:30,84.7499,2020-01-09 10:09:35,83.15,2020-01-09 09:58:50,82.32,2020-01-09 09:40:00,premarket_low_break,2020-01-09 09:41:30,82.3,market_hours_low,premarket_high_break,81.35,81.65,True,1.461538461538485,81.35,False,0.07644342480661244,81.35,False,0.1027777777777784,81.65,True,1.447761194029876,2020-01-09 09:46:00-05:00,81.84,2020-01-09 09:46:00-05:00,81.5,2020-01-09 09:45:00-05:00,81.82,2020-01-09 09:45:00-05:00,81.5,2020-01-09 10:24:00-05:00,85.76,2020-01-09 10:32:00-05:00,86.3,2020-01-09 10:35:00-05:00,86.21,2020-01-09 10:40:00-05:00,85.85,90.2,93.78,81.35,"{'premarket_vol_pct': 0.030104789720031187, 'five_min_vol_pct': 0.0894572156398805, 'ten_min_vol_pct': 0.13278150294109908, 'fifteen_min_vol_pct': 0.1585385277557241, 'twenty_min_vol_pct': 0.20882323610021455, 'twenty_five_min_vol_pct': 0.25422239371184185, 'thirty_min_vol_pct': 0.2980083977795992, 'premarket_return': -0.018579881656804687, 'two_min_return': -0.001506387081224414, 'five_min_return': -0.00373583996143656, 'ten_min_return': -0.010424198602072887, 'fifteen_min_return': -0.010363943118823826, 'twenty_min_return': -0.009038322487346373, 'twenty_five_min_return': -0.0023222463244155778, 'thirty_min_return': 0.005543504458905613, 'break_pre_low_5': True, 'break_pre_high_5': False, 'break_pre_low_10': True, 'break_pre_high_10': False, 'break_pre_low_15': True, 'break_pre_high_15': False, 'break_pre_low_20': True, 'break_pre_high_20': False, 'break_pre_low_30': True, 'break_pre_high_30': False}"
7,2024-01-22,DWAC,1000,0.7899999999999991,21.299999999999997,19.39,24.54430379746838,,,30.0,2024-01-22 09:31:10,,,32.6868,2024-01-22 09:32:00,premarket_high_break,2024-01-22 09:31:10,30.0,market_hours_low,premarket_high_break,29.21,,False,,29.21,False,0.4049367088607606,,False,,29.21,False,0.7238840312931426,2024-01-22 09:42:00-05:00,31.79,2024-01-22 09:42:00-05:00,31.12,2024-01-22 09:42:00-05:00,31.69,2024-01-22 09:42:00-05:00,31.38,2024-01-22 09:44:00-05:00,31.11,2024-01-22 10:00:00-05:00,30.54,2024-01-22 09:50:00-05:00,31.25,2024-01-22 09:50:00-05:00,31.12,49.39,51.3,27.59,"{'premarket_vol_pct': 0.11139927529970721, 'five_min_vol_pct': 0.2358943420659755, 'ten_min_vol_pct': 0.36205860381993393, 'fifteen_min_vol_pct': 0.4501959840710307, 'twenty_min_vol_pct': 0.4886428548772898, 'twenty_five_min_vol_pct': 0.5442869751911006, 'thirty_min_vol_pct': 0.5793526696116958, 'premarket_return': 0.017391304347825987, 'two_min_return': 0.03682236617797474, 'five_min_return': 0.0734742584384589, 'ten_min_return': 0.09887487214456181, 'fifteen_min_return': 0.07384930105693832, 'twenty_min_return': 0.0697238322536653, 'twenty_five_min_return': 0.06085918854415273, 'thirty_min_return': 0.05489260143198105, 'break_pre_low_5': False, 'break_pre_high_5': True, 'break_pre_low_10': False, 'break_pre_high_10': True, 'break_pre_low_15': False, 'break_pre_high_15': True, 'break_pre_low_20': False, 'break_pre_high_20': True, 'break_pre_low_30': False, 'break_pre_high_30': True}"
8,2024-01-17,DWAC,1000,0.870000000000001,7.399999999999999,2.0199999999999996,2.321839080459767,,,21.89,2024-01-17 09:51:45,21.47,2024-01-17 09:46:25,21.3,2024-01-17 09:38:00,two_min_break,2024-01-17 09:38:00,21.3,market_hours_low,premarket_high_break,20.43,,False,,20.43,False,0.2328767123287669,20.43,False,0.5480769230769238,20.43,False,0.6568965517241375,2024-01-17 09:56:00-05:00,21.87,2024-01-17 09:56:00-05:00,21.69,2024-01-17 09:57:00-05:00,21.75,2024-01-17 10:24:00-05:00,24.62,2024-01-17 10:24:00-05:00,24.7,2024-01-17 10:28:00-05:00,23.87,2024-01-17 10:20:00-05:00,24.19,2024-01-17 10:30:00-05:00,23.85,23.32,28.7,19.95,"{'premarket_vol_pct': 0.11082312119757978, 'five_min_vol_pct': 0.09534346142802116, 'ten_min_vol_pct': 0.15787120718793599, 'fifteen_min_vol_pct': 0.1874169817228109, 'twenty_min_vol_pct': 0.26683793225652663, 'twenty_five_min_vol_pct': 0.36999391377919716, 'thirty_min_vol_pct': 0.47160811731200847, 'premarket_return': -0.008360427310729168, 'two_min_return': -0.03504672897196259, 'five_min_return': -0.04205607476635509, 'ten_min_return': -0.0030607476635513553, 'fifteen_min_return': -0.01869626168224292, 'twenty_min_return': -0.010827102803738331, 'twenty_five_min_return': 0.03602336448598131, 'thirty_min_return': 0.024065420560747786, 'break_pre_low_5': False, 'break_pre_high_5': False, 'break_pre_low_10': False, 'break_pre_high_10': False, 'break_pre_low_15': False, 'break_pre_high_15': False, 'break_pre_low_20': False, 'break_pre_high_20': False, 'break_pre_low_30': False, 'break_pre_high_30': True}"
9,2024-01-08,NVDA,1000,2.0714999999999577,30.138500000000022,25.668499999999995,12.391262370263345,,,496.8615,2024-01-08 09:30:55,,,499.62,2024-01-08 09:32:00,premarket_high_break,2024-01-08 09:30:55,496.8615,market_hours_low,premarket_high_break,494.79,,False,,494.79,False,0.8841419261404986,,False,,494.79,False,0.9503105590062209,2024-01-08 09:36:00-05:00,498.42,2024-01-08 09:50:00-05:00,508.72,2024-01-08 09:51:00-05:00,509.09,2024-01-08 10:18:00-05:00,513.86,2024-01-08 09:52:00-05:00,508.57,2024-01-08 10:20:00-05:00,513.19,2024-01-08 09:50:00-05:00,508.57,2024-01-08 10:20:00-05:00,512.95,522.53,527.0,486.8,"{'premarket_vol_pct': 0.014991126150069862, 'five_min_vol_pct': 0.06155293713712515, 'ten_min_vol_pct': 0.1270149056221033, 'fifteen_min_vol_pct': 0.20650327465266596, 'twenty_min_vol_pct': 0.2806872037798306, 'twenty_five_min_vol_pct': 0.3414382883327808, 'thirty_min_vol_pct': 0.38158785475295504, 'premarket_return': 0.013261025273713312, 'two_min_return': 0.005897358216190085, 'five_min_return': 0.009664323800290697, 'ten_min_return': 0.017531103570851414, 'fifteen_min_return': 0.027690256907416444, 'twenty_min_return': 0.030275690741638384, 'twenty_five_min_return': 0.031295443528841504, 'thirty_min_return': 0.030770318306673206, 'break_pre_low_5': False, 'break_pre_high_5': True, 'break_pre_low_10': False, 'break_pre_high_10': True, 'break_pre_low_15': False, 'break_pre_high_15': True, 'break_pre_low_20': False, 'break_pre_high_20': True, 'break_pre_low_30': False, 'break_pre_high_30': True}"
10,2020-06-30,TSLA,1000,0.703400000000002,4.893999999999991,4.314599999999999,6.133920955359662,,,67.7757,2020-06-30 09:32:50,,,67.6187,2020-06-30 09:32:00,two_min_break,2020-06-30 09:32:00,67.6187,market_hours_low,premarket_high_break,66.9153,,False,,66.9153,False,0.3305439330543998,,False,,66.9153,False,0.6369064543645241,2020-06-30 09:40:00-04:00,68.19,2020-06-30 09:40:00-04:00,68.16,2020-06-30 09:48:00-04:00,68.46,2020-06-30 09:48:00-04:00,68.38,2020-06-30 09:48:00-04:00,68.32,2020-06-30 09:48:00-04:00,68.32,2020-06-30 09:50:00-04:00,68.46,2020-06-30 12:25:00-04:00,72.18,71.9333,72.5127,66.7333,"{'premarket_vol_pct': 0.0064483152182534965, 'five_min_vol_pct': 0.04395349746056691, 'ten_min_vol_pct': 0.09233206987582267, 'fifteen_min_vol_pct': 0.12471982142174633, 'twenty_min_vol_pct': 0.15929882901852768, 'twenty_five_min_vol_pct': 0.1822816518118727, 'thirty_min_vol_pct': 0.21225054352548284, 'premarket_return': 0.0008254137890373325, 'two_min_return': 0.003278688524590123, 'five_min_return': 0.00961698956780932, 'ten_min_return': 0.019809239940387524, 'fifteen_min_return': 0.022761549925484514, 'twenty_min_return': 0.02168405365126702, 'twenty_five_min_return': 0.022687034277198315, 'thirty_min_return': 0.02971684053651269, 'break_pre_low_5': False, 'break_pre_high_5': True, 'break_pre_low_10': False, 'break_pre_high_10': True, 'break_pre_low_15': False, 'break_pre_high_15': True, 'break_pre_low_20': False, 'break_pre_high_20': True, 'break_pre_low_30': False, 'break_pre_high_30': True}"
11,2020-07-06,TSLA,1000,0.7771000000000043,10.616,6.25869999999999,8.053918414618396,85.3778,2020-07-06 09:33:00,86.0147,2020-07-06 09:44:15,85.18,2020-07-06 09:30:15,85.258,2020-07-06 09:32:00,open_price_break,2020-07-06 09:30:15,85.18,market_hours_low,premarket_low_break,84.4029,84.4029,False,0.7294081444250633,84.4029,False,0.14685444844273401,84.9533,True,3.4278782531979557,84.4029,False,0.7640042100339222,2020-07-06 09:36:00-04:00,85.06,2020-07-06 09:36:00-04:00,84.97,2020-07-06 09:36:00-04:00,85.06,2020-07-06 10:18:00-04:00,86.22,2020-07-06 09:40:00-04:00,84.8,2020-07-06 10:16:00-04:00,86.32,2020-07-06 09:40:00-04:00,84.8,2020-07-06 10:15:00-04:00,86.32,91.4387,95.796,82.8673,"{'premarket_vol_pct': 0.02760463272854826, 'five_min_vol_pct': 0.06687278840514926, 'ten_min_vol_pct': 0.09872544593263312, 'fifteen_min_vol_pct': 0.1451354735762089, 'twenty_min_vol_pct': 0.18484934588600868, 'twenty_five_min_vol_pct': 0.214805855168298, 'thirty_min_vol_pct': 0.25037118877592496, 'premarket_return': -0.004967019086826396, 'two_min_return': -0.0037091996846534414, 'five_min_return': 0.003850189219705147, 'ten_min_return': -0.0018798604673568864, 'fifteen_min_return': 0.013025083213198396, 'twenty_min_return': 0.012858245596720552, 'twenty_five_min_return': 0.017435705834734305, 'thirty_min_return': 0.02136696403709415, 'break_pre_low_5': True, 'break_pre_high_5': False, 'break_pre_low_10': True, 'break_pre_high_10': False, 'break_pre_low_15': True, 'break_pre_high_15': True, 'break_pre_low_20': True, 'break_pre_high_20': True, 'break_pre_low_30': True, 'break_pre_high_30': True}"
12,2020-07-10,TSLA,1000,0.8113000000000028,10.987400000000008,10.436700000000002,12.864168618266937,92.5453,2020-07-10 09:39:40,93.9173,2020-07-10 10:31:20,93.2193,2020-07-10 09:31:05,92.6365,2020-07-10 09:38:00,premarket_low_break,2020-07-10 09:39:40,92.5453,market_hours_low,premarket_high_break,91.734,91.9213,True,1.3001602564102708,91.734,False,0.17555993221270133,92.61,True,2.4377154111275203,91.9213,True,1.2618847874720478,2020-07-10 09:42:00-04:00,92.44,2020-07-10 09:46:00-04:00,92.46,2020-07-10 09:51:00-04:00,92.35,2020-07-10 09:57:00-04:00,92.33,2020-07-10 09:52:00-04:00,92.35,2020-07-10 09:56:00-04:00,92.33,2020-07-10 09:50:00-04:00,92.32,2020-07-10 09:55:00-04:00,92.33,102.982,103.5327,91.734,"{'premarket_vol_pct': 0.011300254390012986, 'five_min_vol_pct': 0.029173709845640435, 'ten_min_vol_pct': 0.04684791758796696, 'fifteen_min_vol_pct': 0.05937508764763117, 'twenty_min_vol_pct': 0.06888700975542347, 'twenty_five_min_vol_pct': 0.07688717821163729, 'thirty_min_vol_pct': 0.08668488849221263, 'premarket_return': 0.008142082429501096, 'two_min_return': -0.001744985048357739, 'five_min_return': -0.0106665434575417, 'ten_min_return': -0.006368550727596345, 'fifteen_min_return': -0.0036339528531688092, 'twenty_min_return': -0.0029441250200125113, 'twenty_five_min_return': -0.00613538462199692, 'thirty_min_return': -0.008431587237970217, 'break_pre_low_5': True, 'break_pre_high_5': False, 'break_pre_low_10': True, 'break_pre_high_10': False, 'break_pre_low_15': True, 'break_pre_high_15': False, 'break_pre_low_20': True, 'break_pre_high_20': False, 'break_pre_low_30': True, 'break_pre_high_30': False}"
13,2020-08-12,TSLA,1000,1.3422999999999945,8.657700000000006,6.6417,4.947999702004044,97.009,2020-08-12 09:36:35,98.4633,2020-08-12 10:15:30,98.0463,2020-08-12 10:06:50,97.166,2020-08-12 09:34:00,premarket_low_break,2020-08-12 09:36:35,97.009,market_hours_low,premarket_high_break,95.6667,96.3333,True,1.9865324848305197,95.6667,False,0.06100264607023083,95.6667,False,0.13153471171625603,96.3333,True,1.8005284015851881,2020-08-12 09:42:00-04:00,96.07,2020-08-12 09:44:00-04:00,95.7,2020-08-12 09:42:00-04:00,96.0,2020-08-12 09:42:00-04:00,95.94,2020-08-12 09:44:00-04:00,95.88,2020-08-12 10:36:00-04:00,98.76,2020-08-12 09:45:00-04:00,95.72,2020-08-12 10:35:00-04:00,98.76,103.6507,105.6667,95.6667,"{'premarket_vol_pct': 0.02463365183637432, 'five_min_vol_pct': 0.06454476555731711, 'ten_min_vol_pct': 0.09830681246549819, 'fifteen_min_vol_pct': 0.11995144115969217, 'twenty_min_vol_pct': 0.14202536485890585, 'twenty_five_min_vol_pct': 0.1633627564292799, 'thirty_min_vol_pct': 0.18178233691273352, 'premarket_return': 0.010302061855670175, 'two_min_return': -0.011231632653061263, 'five_min_return': -0.012727551020408123, 'ten_min_return': -0.015594897959183673, 'fifteen_min_return': -0.02026836734693882, 'twenty_min_return': -0.014033673469387664, 'twenty_five_min_return': -0.009435714285714325, 'thirty_min_return': -0.0034153061224490022, 'break_pre_low_5': True, 'break_pre_high_5': False, 'break_pre_low_10': True, 'break_pre_high_10': False, 'break_pre_low_15': True, 'break_pre_high_15': False, 'break_pre_low_20': True, 'break_pre_high_20': False, 'break_pre_low_30': True, 'break_pre_high_30': False}"
14,2020-08-17,TSLA,1000,0.6799999999999926,10.8553,10.174000000000007,14.961764705882524,,,112.202,2020-08-17 09:30:40,,,113.1573,2020-08-17 09:32:00,premarket_high_break,2020-08-17 09:30:40,112.202,market_hours_low,premarket_high_break,111.522,,False,,111.522,False,0.5058823529411732,,False,,111.522,False,0.4881673087506949,2020-08-17 09:38:00-04:00,113.5,2020-08-17 09:48:00-04:00,114.3,2020-08-17 10:03:00-04:00,116.16,2020-08-17 10:39:00-04:00,118.0,2020-08-17 10:04:00-04:00,116.16,2020-08-17 10:40:00-04:00,118.19,2020-08-17 10:05:00-04:00,116.16,2020-08-17 10:05:00-04:00,116.1,122.376,123.0573,110.82,"{'premarket_vol_pct': 0.013040896935006133, 'five_min_vol_pct': 0.05913073145488816, 'ten_min_vol_pct': 0.10025977166210737, 'fifteen_min_vol_pct': 0.12983886976983133, 'twenty_min_vol_pct': 0.16663124673541926, 'twenty_five_min_vol_pct': 0.18210019314280157, 'thirty_min_vol_pct': 0.21989379907713416, 'premarket_return': 0.0005964177324124798, 'two_min_return': 0.007692307692307665, 'five_min_return': 0.014907871198568845, 'ten_min_return': 0.01785957066189625, 'fifteen_min_return': 0.021135957066189537, 'twenty_min_return': 0.024440966010733423, 'twenty_five_min_return': 0.02644007155635064, 'thirty_min_return': 0.0398032200357783, 'break_pre_low_5': False, 'break_pre_high_5': True, 'break_pre_low_10': False, 'break_pre_high_10': True, 'break_pre_low_15': False, 'break_pre_high_15': True, 'break_pre_low_20': False, 'break_pre_high_20': True, 'break_pre_low_30': False, 'break_pre_high_30': True}"
15,2020-08-26,TSLA,1000,0.9581000000000017,7.016599999999983,5.677999999999997,5.926312493476659,,,137.8667,2020-08-26 09:30:15,,,138.9233,2020-08-26 09:44:00,premarket_high_break,2020-08-26 09:30:15,137.8667,market_hours_low,two_min_break,136.9086,,False,,137.3333,True,1.7962129733783299,,False,,136.9086,False,0.8857894475604345,2020-08-26 09:34:00-04:00,137.03,2020-08-26 09:42:00-04:00,137.14,2020-08-26 09:39:00-04:00,137.16,2020-08-26 09:51:00-04:00,139.35,2020-08-26 09:40:00-04:00,137.15,2020-08-26 09:40:00-04:00,137.14,2020-08-26 09:40:00-04:00,137.15,2020-08-26 10:05:00-04:00,139.84,143.5447,144.8833,135.7333,"{'premarket_vol_pct': 0.012707053233213195, 'five_min_vol_pct': 0.036403847751368505, 'ten_min_vol_pct': 0.05390045649815564, 'fifteen_min_vol_pct': 0.0670076505754931, 'twenty_min_vol_pct': 0.1218561145208883, 'twenty_five_min_vol_pct': 0.14528541989687052, 'thirty_min_vol_pct': 0.17737205771201048, 'premarket_return': 0.0017936042696531374, 'two_min_return': 0.002786651161808429, 'five_min_return': 0.003908738812800738, 'ten_min_return': 0.0015101945413091844, 'fifteen_min_return': 0.0010682041427678701, 'twenty_min_return': 0.017413111022599903, 'twenty_five_min_return': 0.016698062305354755, 'thirty_min_return': 0.024228646657438402, 'break_pre_low_5': False, 'break_pre_high_5': True, 'break_pre_low_10': False, 'break_pre_high_10': True, 'break_pre_low_15': False, 'break_pre_high_15': True, 'break_pre_low_20': False, 'break_pre_high_20': True, 'break_pre_low_30': False, 'break_pre_high_30': True}"
16,2020-08-31,TSLA,1000,3.3948999999999785,22.5685,16.251800000000003,4.787121859259509,,,152.3633,2020-08-31 09:48:10,,,150.0982,2020-08-31 09:32:00,two_min_break,2020-08-31 09:32:00,150.0982,market_hours_low,premarket_high_break,146.7033,,False,,146.7033,False,0.7473498233215584,,False,,146.7033,False,0.9410881027423518,2020-08-31 09:36:00-04:00,148.18,2020-08-31 09:36:00-04:00,147.81,2020-08-31 09:36:00-04:00,148.18,2020-08-31 09:36:00-04:00,147.47,2020-08-31 09:36:00-04:00,147.51,2020-08-31 09:36:00-04:00,147.33,2020-08-31 09:40:00-04:00,147.04,2020-08-31 11:20:00-04:00,159.58,166.35,172.6667,146.0333,"{'premarket_vol_pct': 0.03888612331263212, 'five_min_vol_pct': 0.05127723146860481, 'ten_min_vol_pct': 0.07065848457077571, 'fifteen_min_vol_pct': 0.09299052807723221, 'twenty_min_vol_pct': 0.12453824251449565, 'twenty_five_min_vol_pct': 0.15014602476804034, 'thirty_min_vol_pct': 0.1739759564772536, 'premarket_return': -0.027877931804743517, 'two_min_return': 0.003486427090354738, 'five_min_return': 0.0030815778056223486, 'ten_min_return': -0.007423586384378789, 'fifteen_min_return': 0.01730460792708377, 'twenty_min_return': 0.03390612759634881, 'twenty_five_min_return': 0.02737253488957392, 'thirty_min_return': 0.023667489185463353, 'break_pre_low_5': False, 'break_pre_high_5': False, 'break_pre_low_10': False, 'break_pre_high_10': False, 'break_pre_low_15': False, 'break_pre_high_15': False, 'break_pre_low_20': False, 'break_pre_high_20': True, 'break_pre_low_30': False, 'break_pre_high_30': True}"
17,2020-11-18,TSLA,1000,1.9065999999999974,15.5933,12.246700000000004,6.423318997167744,,,152.2833,2020-11-18 10:13:40,149.74,2020-11-18 09:35:10,149.8,2020-11-18 09:34:00,open_price_break,2020-11-18 09:35:10,149.74,market_hours_low,premarket_high_break,147.8334,,False,,147.8334,False,0.26665767770062304,147.8334,False,0.3881254589321358,147.8334,False,0.7339062341096422,2020-11-18 09:38:00-05:00,149.49,2020-11-18 09:44:00-05:00,150.07,2020-11-18 09:54:00-05:00,150.2,2020-11-18 09:54:00-05:00,149.87,2020-11-18 09:44:00-05:00,149.82,2020-11-18 09:52:00-05:00,149.29,2020-11-18 09:55:00-05:00,149.92,2020-11-18 10:25:00-05:00,151.56,161.9867,165.3333,147.2625,"{'premarket_vol_pct': 0.02891219721395031, 'five_min_vol_pct': 0.04087543104126867, 'ten_min_vol_pct': 0.08674064358312558, 'fifteen_min_vol_pct': 0.13311815042750302, 'twenty_min_vol_pct': 0.15614235512845853, 'twenty_five_min_vol_pct': 0.1801908107726822, 'thirty_min_vol_pct': 0.19889653627407536, 'premarket_return': -0.016627401947881038, 'two_min_return': -0.008364001338240223, 'five_min_return': -0.00394780863164923, 'ten_min_return': 0.004505854800936904, 'fifteen_min_return': 0.0036801605888256983, 'twenty_min_return': 0.005352960856473743, 'twenty_five_min_return': 0.0038976246236199774, 'thirty_min_return': 0.005352960856473743, 'break_pre_low_5': False, 'break_pre_high_5': False, 'break_pre_low_10': False, 'break_pre_high_10': False, 'break_pre_low_15': False, 'break_pre_high_15': False, 'break_pre_low_20': False, 'break_pre_high_20': False, 'break_pre_low_30': False, 'break_pre_high_30': False}"
18,2020-11-23,TSLA,1000,1.7200000000000273,8.463399999999979,4.916699999999992,2.8585465116278566,,,168.9833,2020-11-23 09:30:40,,,170.9172,2020-11-23 09:32:00,premarket_high_break,2020-11-23 09:30:40,168.9833,market_hours_low,premarket_high_break,167.2633,,False,,167.2633,False,0.426337209302327,,False,,167.2633,False,0.3586578724103044,2020-11-23 09:36:00-05:00,170.1,2020-11-23 09:48:00-05:00,172.27,2020-11-23 09:36:00-05:00,170.1,2020-11-23 09:48:00-05:00,171.67,2020-11-23 09:48:00-05:00,171.61,2020-11-23 10:08:00-05:00,172.37,2020-11-23 09:50:00-05:00,172.24,2020-11-23 10:05:00-05:00,172.42,173.9,177.4467,165.16,"{'premarket_vol_pct': 0.033358059084729816, 'five_min_vol_pct': 0.08754988179197352, 'ten_min_vol_pct': 0.13305958845424157, 'fifteen_min_vol_pct': 0.18326396519215502, 'twenty_min_vol_pct': 0.2337974710201156, 'twenty_five_min_vol_pct': 0.2706245081855352, 'thirty_min_vol_pct': 0.29887743980831516, 'premarket_return': 0.012975256487628206, 'two_min_return': 0.011519763956258755, 'five_min_return': 0.018371801066891846, 'ten_min_return': 0.022387690643036917, 'fifteen_min_return': 0.030489181825060996, 'twenty_min_return': 0.027090571418186826, 'twenty_five_min_return': 0.029642508369912335, 'thirty_min_return': 0.03040040325727955, 'break_pre_low_5': False, 'break_pre_high_5': True, 'break_pre_low_10': False, 'break_pre_high_10': True, 'break_pre_low_15': False, 'break_pre_high_15': True, 'break_pre_low_20': False, 'break_pre_high_20': True, 'break_pre_low_30': False, 'break_pre_high_30': True}"
19,2020-12-07,TSLA,1000,1.8266000000000133,13.640000000000015,11.076699999999988,6.064108179130574,,,202.8433,2020-12-07 09:30:35,,,205.6117,2020-12-07 09:34:00,premarket_high_break,2020-12-07 09:30:35,202.8433,market_hours_low,premarket_high_break,201.0167,,False,,201.0167,False,0.8982262126354964,,False,,201.0167,False,0.38774755168661373,2020-12-07 09:38:00-05:00,205.03,2020-12-07 09:46:00-05:00,205.59,2020-12-07 09:39:00-05:00,204.79,2020-12-07 10:09:00-05:00,206.69,2020-12-07 09:40:00-05:00,204.79,2020-12-07 10:56:00-05:00,208.79,2020-12-07 09:40:00-05:00,204.79,2020-12-07 10:40:00-05:00,208.39,213.92,216.4833,198.3333,"{'premarket_vol_pct': 0.02600905943055498, 'five_min_vol_pct': 0.060854220507983434, 'ten_min_vol_pct': 0.09042837487175069, 'fifteen_min_vol_pct': 0.1259489333545597, 'twenty_min_vol_pct': 0.15127263203723892, 'twenty_five_min_vol_pct': 0.17422737607878266, 'thirty_min_vol_pct': 0.19380145251749004, 'premarket_return': 0.013147046248039862, 'two_min_return': 0.013390702931314724, 'five_min_return': 0.01721931026547807, 'ten_min_return': 0.0194574585684677, 'fifteen_min_return': 0.023631731616609475, 'twenty_min_return': 0.022029866112807994, 'twenty_five_min_return': 0.020606536702309386, 'thirty_min_return': 0.02220344287018583, 'break_pre_low_5': False, 'break_pre_high_5': True, 'break_pre_low_10': False, 'break_pre_high_10': True, 'break_pre_low_15': False, 'break_pre_high_15': True, 'break_pre_low_20': False, 'break_pre_high_20': True, 'break_pre_low_30': False, 'break_pre_high_30': True}"
20,2020-12-30,TSLA,1000,0.9741999999999962,8.438999999999993,7.832300000000004,8.039724902484124,,,225.0,2020-12-30 09:34:20,224.44,2020-12-30 09:30:25,223.761,2020-12-30 09:46:00,two_min_break,2020-12-30 09:46:00,223.761,market_hours_low,two_min_break,222.7868,,False,,223.0433,True,1.1310880564215193,223.0433,True,1.1836471683253287,222.7868,False,0.7742763292958361,2020-12-30 09:50:00-05:00,223.52,2020-12-30 09:50:00-05:00,223.4,2020-12-30 09:51:00-05:00,223.36,2020-12-30 10:24:00-05:00,224.6,2020-12-30 09:52:00-05:00,223.32,2020-12-30 10:32:00-05:00,224.42,2020-12-30 09:55:00-05:00,223.32,2020-12-30 10:35:00-05:00,224.41,231.5933,232.2,221.3333,"{'premarket_vol_pct': 0.011084985284219825, 'five_min_vol_pct': 0.026613293625637798, 'ten_min_vol_pct': 0.03864606683736044, 'fifteen_min_vol_pct': 0.04814753215475261, 'twenty_min_vol_pct': 0.05716789312612867, 'twenty_five_min_vol_pct': 0.064198079481992, 'thirty_min_vol_pct': 0.07627191459321964, 'premarket_return': 0.010934151886934362, 'two_min_return': -0.0004910714285715212, 'five_min_return': -0.000291964285714319, 'ten_min_return': -0.003608482142857139, 'fifteen_min_return': -0.0023660714285714812, 'twenty_min_return': -0.002062499999999967, 'twenty_five_min_return': -0.0022660714285713812, 'thirty_min_return': 0.0017709821428570915, 'break_pre_low_5': False, 'break_pre_high_5': True, 'break_pre_low_10': False, 'break_pre_high_10': True, 'break_pre_low_15': False, 'break_pre_high_15': True, 'break_pre_low_20': False, 'break_pre_high_20': True, 'break_pre_low_30': False, 'break_pre_high_30': True}"
21,2021-01-07,TSLA,1000,0.8167000000000257,19.023300000000006,12.95659999999998,15.864576956042086,,,259.75,2021-01-07 09:30:00,259.2167,2021-01-07 09:32:15,260.18,2021-01-07 09:34:00,open_price_break,2021-01-07 09:32:15,259.2167,market_hours_low,open_price_break,258.4,,False,,259.1333,True,2.1890708610346454,258.4,False,0.4694502265213451,258.4,False,0.4625280898876426,2021-01-07 09:46:00-05:00,263.35,2021-01-07 09:46:00-05:00,262.44,2021-01-07 09:45:00-05:00,262.84,2021-01-07 09:45:00-05:00,262.44,2021-01-07 09:44:00-05:00,262.14,2021-01-07 10:12:00-05:00,262.89,2021-01-07 09:45:00-05:00,262.14,2021-01-07 09:45:00-05:00,262.01,272.1733,278.24,255.7333,"{'premarket_vol_pct': 0.01440224011260232, 'five_min_vol_pct': 0.030490508236199223, 'ten_min_vol_pct': 0.060436646486866634, 'fifteen_min_vol_pct': 0.09186073373215672, 'twenty_min_vol_pct': 0.11599158430793235, 'twenty_five_min_vol_pct': 0.1329233654927522, 'thirty_min_vol_pct': 0.14348254986324357, 'premarket_return': -0.000937235283036908, 'two_min_return': -0.0007823772231008164, 'five_min_return': 0.003407661741445134, 'ten_min_return': 0.012042745264457366, 'fifteen_min_return': 0.018196443038463128, 'twenty_min_return': 0.010146985070020431, 'twenty_five_min_return': 0.015914123683500092, 'thirty_min_return': 0.01216195362833239, 'break_pre_low_5': False, 'break_pre_high_5': True, 'break_pre_low_10': False, 'break_pre_high_10': True, 'break_pre_low_15': False, 'break_pre_high_15': True, 'break_pre_low_20': False, 'break_pre_high_20': True, 'break_pre_low_30': False, 'break_pre_high_30': True}"
22,2024-01-16,AMD,1000,1.0050000000000239,9.894999999999982,7.7549999999999955,7.716417910447573,,,150.985,2024-01-16 09:30:30,,,152.2419,2024-01-16 09:32:00,premarket_high_break,2024-01-16 09:30:30,150.985,market_hours_low,premarket_high_break,149.98,,False,,149.98,False,0.6318407960199047,,False,,149.98,False,0.8364207082541204,2024-01-16 09:38:00-05:00,152.1,2024-01-16 10:20:00-05:00,155.99,2024-01-16 09:39:00-05:00,151.79,2024-01-16 11:00:00-05:00,158.69,2024-01-16 09:40:00-05:00,151.72,2024-01-16 11:00:00-05:00,158.69,2024-01-16 10:05:00-05:00,153.51,2024-01-16 11:00:00-05:00,158.43,158.74,160.88,144.79,"{'premarket_vol_pct': 0.02373205400582538, 'five_min_vol_pct': 0.1002035935725685, 'ten_min_vol_pct': 0.15354446924965154, 'fifteen_min_vol_pct': 0.1891232422343246, 'twenty_min_vol_pct': 0.23172536712933559, 'twenty_five_min_vol_pct': 0.26098255678229443, 'thirty_min_vol_pct': 0.2960844614514416, 'premarket_return': 0.018077183480027292, 'two_min_return': 0.0031517690875231263, 'five_min_return': 0.0071820963022080075, 'ten_min_return': 0.01183825485501444, 'fifteen_min_return': 0.013486964618249386, 'twenty_min_return': 0.020151636073423518, 'twenty_five_min_return': 0.02055067837190716, 'thirty_min_return': 0.023311386006916734, 'break_pre_low_5': False, 'break_pre_high_5': True, 'break_pre_low_10': False, 'break_pre_high_10': True, 'break_pre_low_15': False, 'break_pre_high_15': True, 'break_pre_low_20': False, 'break_pre_high_20': True, 'break_pre_low_30': False, 'break_pre_high_30': True}"
23,2023-06-08,CVNA,1000,0.7600000000000016,7.699999999999999,5.84,7.684210526315773,,,,,18.86,2023-06-08 09:31:35,18.39,2023-06-08 09:40:00,two_min_break,2023-06-08 09:40:00,18.39,market_hours_low,two_min_break,17.63,,False,,,False,,18.0745,True,1.5658816040738408,17.63,False,0.6447368421052645,2023-06-08 09:52:00-04:00,18.91,2023-06-08 09:52:00-04:00,18.64,2023-06-08 09:51:00-04:00,18.86,2023-06-08 09:51:00-04:00,18.64,2023-06-08 09:52:00-04:00,18.86,2023-06-08 09:52:00-04:00,18.39,2023-06-08 09:50:00-04:00,18.66,2023-06-08 09:50:00-04:00,18.34,24.23,26.09,15.35,"{'premarket_vol_pct': 0.25008653041991874, 'five_min_vol_pct': 0.12787295523958564, 'ten_min_vol_pct': 0.23034696692693768, 'fifteen_min_vol_pct': 0.3082241308515739, 'twenty_min_vol_pct': 0.43367101814150405, 'twenty_five_min_vol_pct': 0.5318414663465474, 'thirty_min_vol_pct': 0.5802741853041358, 'premarket_return': 0.21354838709677404, 'two_min_return': -0.012752391073326375, 'five_min_return': -0.023379383634431483, 'ten_min_return': -0.038788522848034024, 'fifteen_min_return': -0.004399574920297522, 'twenty_min_return': 0.02603613177470776, 'twenty_five_min_return': -0.02444208289054206, 'thirty_min_return': -0.008501594048884176, 'break_pre_low_5': False, 'break_pre_high_5': False, 'break_pre_low_10': False, 'break_pre_high_10': False, 'break_pre_low_15': False, 'break_pre_high_15': False, 'break_pre_low_20': False, 'break_pre_high_20': False, 'break_pre_low_30': False, 'break_pre_high_30': False}"
24,2024-01-24,AMD,1000,1.240000000000009,8.780000000000001,6.489999999999981,5.233870967741882,171.8,2024-01-24 09:40:25,172.915,2024-01-24 09:30:00,172.59,2024-01-24 09:44:55,172.2399,2024-01-24 09:42:00,premarket_low_break,2024-01-24 09:40:25,171.8,market_hours_low,premarket_low_break,170.56,170.56,False,0.20967741935485276,172.53,True,6.116883116883235,170.56,False,0.16256157635468588,170.56,False,0.4014524674087853,2024-01-24 09:58:00-05:00,175.52,2024-01-24 10:00:00-05:00,174.69,2024-01-24 09:57:00-05:00,175.29,2024-01-24 10:15:00-05:00,175.59,2024-01-24 10:00:00-05:00,175.19,2024-01-24 10:00:00-05:00,174.93,2024-01-24 10:00:00-05:00,175.19,2024-01-24 10:15:00-05:00,175.28,178.29,180.58,170.56,"{'premarket_vol_pct': 0.012312133858656598, 'five_min_vol_pct': 0.047295105986889976, 'ten_min_vol_pct': 0.07240673046198938, 'fifteen_min_vol_pct': 0.09785999871583716, 'twenty_min_vol_pct': 0.14270939052177609, 'twenty_five_min_vol_pct': 0.19847442300735596, 'thirty_min_vol_pct': 0.23495843894050863, 'premarket_return': 0.00011588828369446524, 'two_min_return': -0.004288611996522751, 'five_min_return': -0.009678354100260855, 'ten_min_return': -0.007682410895392677, 'fifteen_min_return': -0.0013909011880615108, 'twenty_min_return': 0.011162561576354646, 'twenty_five_min_return': 0.01773399014778332, 'thirty_min_return': 0.017415241958852468, 'break_pre_low_5': False, 'break_pre_high_5': True, 'break_pre_low_10': True, 'break_pre_high_10': True, 'break_pre_low_15': True, 'break_pre_high_15': True, 'break_pre_low_20': True, 'break_pre_high_20': True, 'break_pre_low_30': True, 'break_pre_high_30': True}"
25,2020-11-17,PLTR,1000,0.3099999999999987,2.2600000000000016,1.3500000000000014,4.354838709677442,,,16.5094,2020-11-17 09:39:50,,,16.49,2020-11-17 09:34:00,two_min_break,2020-11-17 09:34:00,16.49,market_hours_low,premarket_high_break,16.18,,False,,16.18,False,0.14996964177291622,,False,,16.18,False,0.774193548387095,2020-11-17 09:36:00-05:00,16.25,2020-11-17 09:52:00-05:00,17.0,2020-11-17 09:51:00-05:00,16.91,2020-11-17 09:54:00-05:00,16.74,2020-11-17 09:52:00-05:00,16.91,2020-11-17 09:52:00-05:00,16.92,2020-11-17 09:55:00-05:00,16.82,2020-11-17 10:55:00-05:00,17.64,17.84,18.75,15.5,"{'premarket_vol_pct': 0.022718130008795374, 'five_min_vol_pct': 0.07816782793489337, 'ten_min_vol_pct': 0.1380126277946942, 'fifteen_min_vol_pct': 0.20275021971404864, 'twenty_min_vol_pct': 0.32173298513175913, 'twenty_five_min_vol_pct': 0.39536640977545834, 'thirty_min_vol_pct': 0.4575612475536127, 'premarket_return': 0.023914411579609718, 'two_min_return': 0.006752608962553586, 'five_min_return': 0.009515039901780264, 'ten_min_return': 0.011970534069981609, 'fifteen_min_return': 0.030693677102516803, 'twenty_min_return': 0.054020871700429796, 'twenty_five_min_return': 0.04542664211172509, 'thirty_min_return': 0.0371393492940455, 'break_pre_low_5': False, 'break_pre_high_5': False, 'break_pre_low_10': False, 'break_pre_high_10': True, 'break_pre_low_15': False, 'break_pre_high_15': True, 'break_pre_low_20': False, 'break_pre_high_20': True, 'break_pre_low_30': False, 'break_pre_high_30': True}"
26,2021-01-22,PLTR,1000,0.14000000000000057,7.259999999999998,6.630000000000003,47.357142857142684,,,25.96,2021-01-22 09:31:00,,,26.31,2021-01-22 09:32:00,premarket_high_break,2021-01-22 09:31:00,25.96,market_hours_low,premarket_high_break,25.82,,False,,25.82,False,0.5,,False,,25.82,False,0.5306122448979568,2021-01-22 09:50:00-05:00,26.94,2021-01-22 09:50:00-05:00,26.84,2021-01-22 09:51:00-05:00,26.9,2021-01-22 09:51:00-05:00,26.88,2021-01-22 09:52:00-05:00,26.81,2021-01-22 09:52:00-05:00,26.82,2021-01-22 09:50:00-05:00,26.83,2021-01-22 10:05:00-05:00,26.9,32.59,33.22,25.54,"{'premarket_vol_pct': 0.009256462508138413, 'five_min_vol_pct': 0.03227655317002747, 'ten_min_vol_pct': 0.08275556403454111, 'fifteen_min_vol_pct': 0.11989644512305045, 'twenty_min_vol_pct': 0.17358627490308823, 'twenty_five_min_vol_pct': 0.2003035486033039, 'thirty_min_vol_pct': 0.22480000293903515, 'premarket_return': 0.010148321623731471, 'two_min_return': 0.008897485493229995, 'five_min_return': 0.01663442940038684, 'ten_min_return': 0.04061895551257244, 'fifteen_min_return': 0.03950096711798823, 'twenty_min_return': 0.04680851063829783, 'twenty_five_min_return': 0.03796518375241775, 'thirty_min_return': 0.04675048355899403, 'break_pre_low_5': False, 'break_pre_high_5': True, 'break_pre_low_10': False, 'break_pre_high_10': True, 'break_pre_low_15': False, 'break_pre_high_15': True, 'break_pre_low_20': False, 'break_pre_high_20': True, 'break_pre_low_30': False, 'break_pre_high_30': True}"
27,2021-02-01,SPCE,1000,3.280000000000001,10.739999999999995,4.649999999999999,1.4176829268292674,,,49.4,2021-02-01 10:15:15,,,49.06,2021-02-01 09:32:00,two_min_break,2021-02-01 09:32:00,49.06,market_hours_low,premarket_high_break,45.78,,False,,45.78,False,0.3839779005524866,,False,,46.1201,True,1.1156842069458144,2021-02-01 09:36:00-05:00,47.99,2021-02-01 09:44:00-05:00,46.76,2021-02-01 09:36:00-05:00,47.99,2021-02-01 09:36:00-05:00,47.44,2021-02-01 09:36:00-05:00,47.14,2021-02-01 09:40:00-05:00,46.93,2021-02-01 09:40:00-05:00,47.06,2021-02-01 09:40:00-05:00,46.99,53.71,59.8,43.72,"{'premarket_vol_pct': 0.03923627690702628, 'five_min_vol_pct': 0.06050695333333468, 'ten_min_vol_pct': 0.08794152321225387, 'fifteen_min_vol_pct': 0.10736647036499701, 'twenty_min_vol_pct': 0.12626861636964165, 'twenty_five_min_vol_pct': 0.14346055390004894, 'thirty_min_vol_pct': 0.16976119096178063, 'premarket_return': 0.046129962297627, 'two_min_return': 0.0025439898240406933, 'five_min_return': 0.030334958660165334, 'ten_min_return': 0.02119991520033926, 'fifteen_min_return': -0.009539961840152711, 'twenty_min_return': -0.016535933856264617, 'twenty_five_min_return': -0.0239707441170236, 'thirty_min_return': 0.013913504345982597, 'break_pre_low_5': False, 'break_pre_high_5': False, 'break_pre_low_10': False, 'break_pre_high_10': False, 'break_pre_low_15': False, 'break_pre_high_15': False, 'break_pre_low_20': False, 'break_pre_high_20': False, 'break_pre_low_30': False, 'break_pre_high_30': False}"
28,2021-05-26,SPCE,1000,0.28419999999999845,1.8658000000000001,1.1158000000000001,3.9261083743842584,,,25.8842,2021-05-26 09:30:35,,,26.3,2021-05-26 09:36:00,premarket_high_break,2021-05-26 09:30:35,25.8842,market_hours_low,premarket_high_break,25.6,,False,,25.6,False,0.612596762843069,,False,,25.6,False,0.3857142857142855,2021-05-26 09:42:00-04:00,26.53,2021-05-26 10:00:00-04:00,26.94,2021-05-26 09:42:00-04:00,26.53,2021-05-26 10:00:00-04:00,26.9,2021-05-26 09:48:00-04:00,26.56,2021-05-26 10:00:00-04:00,27.01,2021-05-26 10:00:00-04:00,27.07,2021-05-26 10:00:00-04:00,27.02,27.0,27.75,24.79,"{'premarket_vol_pct': 0.024304849013762203, 'five_min_vol_pct': 0.05697324501837534, 'ten_min_vol_pct': 0.11278773188196123, 'fifteen_min_vol_pct': 0.17326464047202136, 'twenty_min_vol_pct': 0.2099050690846075, 'twenty_five_min_vol_pct': 0.2843368808641606, 'thirty_min_vol_pct': 0.34987935894886235, 'premarket_return': 0.020504731861198833, 'two_min_return': 0.014003868471953451, 'five_min_return': 0.009744680851063725, 'ten_min_return': 0.029013539651837617, 'fifteen_min_return': 0.030560928433268852, 'twenty_min_return': 0.033655705996131324, 'twenty_five_min_return': 0.05145067698259176, 'thirty_min_return': 0.04951644100580266, 'break_pre_low_5': False, 'break_pre_high_5': True, 'break_pre_low_10': False, 'break_pre_high_10': True, 'break_pre_low_15': False, 'break_pre_high_15': True, 'break_pre_low_20': False, 'break_pre_high_20': True, 'break_pre_low_30': False, 'break_pre_high_30': True}"
29,2021-06-07,SPCE,1000,0.5350000000000001,3.294999999999998,3.1750000000000007,5.934579439252336,,,31.495,2021-06-07 09:30:00,31.5,2021-06-07 09:40:40,31.6901,2021-06-07 09:40:00,premarket_high_break,2021-06-07 09:30:00,31.495,market_hours_low,open_price_break,30.96,,False,,31.45,True,11.888888888888442,30.96,False,0.20370370370370297,30.96,False,0.4658265990960136,2021-06-07 09:32:00-04:00,31.44,2021-06-07 09:32:00-04:00,31.18,2021-06-07 09:33:00-04:00,31.39,2021-06-07 09:33:00-04:00,31.32,2021-06-07 09:52:00-04:00,32.03,2021-06-07 10:12:00-04:00,32.13,2021-06-07 10:10:00-04:00,32.3,2021-06-07 10:10:00-04:00,32.26,34.67,34.79,30.8,"{'premarket_vol_pct': 0.008880329568492997, 'five_min_vol_pct': 0.01882140344299516, 'ten_min_vol_pct': 0.026556173643474016, 'fifteen_min_vol_pct': 0.040380187922999695, 'twenty_min_vol_pct': 0.06163098550531747, 'twenty_five_min_vol_pct': 0.07944279948942255, 'thirty_min_vol_pct': 0.08706866899468235, 'premarket_return': 0.0003180661577606436, 'two_min_return': 0.0119236883942766, 'five_min_return': -0.00849284578696341, 'ten_min_return': -0.0025437201907789753, 'fifteen_min_return': 0.015262321144674074, 'twenty_min_return': 0.029249602543720332, 'twenty_five_min_return': 0.016852146263911072, 'thirty_min_return': 0.029338632750397498, 'break_pre_low_5': False, 'break_pre_high_5': True, 'break_pre_low_10': False, 'break_pre_high_10': True, 'break_pre_low_15': False, 'break_pre_high_15': True, 'break_pre_low_20': False, 'break_pre_high_20': True, 'break_pre_low_30': False, 'break_pre_high_30': True}"
30,2021-06-25,SPCE,1000,0.7100000000000009,12.980000000000004,9.350000000000001,13.169014084507028,,,49.53,2021-06-25 10:16:30,47.93,2021-06-25 09:30:30,46.58,2021-06-25 09:58:00,two_min_break,2021-06-25 09:58:00,46.58,market_hours_low,premarket_high_break,45.87,,False,,45.87,False,0.27049180327868877,47.41,True,3.961538461538442,45.87,False,0.6183098591549289,2021-06-25 10:12:00-04:00,48.12,2021-06-25 10:12:00-04:00,48.01,2021-06-25 10:12:00-04:00,48.12,2021-06-25 10:12:00-04:00,48.08,2021-06-25 10:20:00-04:00,48.69,2021-06-25 11:16:00-04:00,55.02,2021-06-25 10:55:00-04:00,52.23,2021-06-25 11:25:00-04:00,53.91,55.93,59.56,39.99,"{'premarket_vol_pct': 0.3456276410159184, 'five_min_vol_pct': 0.21311150907162094, 'ten_min_vol_pct': 0.35915901472288864, 'fifteen_min_vol_pct': 0.46417125424851036, 'twenty_min_vol_pct': 0.5703020461322313, 'twenty_five_min_vol_pct': 0.6426735797881847, 'thirty_min_vol_pct': 0.7084995910163018, 'premarket_return': 0.19187640169449272, 'two_min_return': -0.00418322526668069, 'five_min_return': 0.0028236770550094104, 'ten_min_return': -0.028025517674126754, 'fifteen_min_return': -0.023863208533779545, 'twenty_min_return': -0.0355574147667852, 'twenty_five_min_return': -0.025517674126751655, 'thirty_min_return': -0.028236770550094104, 'break_pre_low_5': False, 'break_pre_high_5': False, 'break_pre_low_10': False, 'break_pre_high_10': False, 'break_pre_low_15': False, 'break_pre_high_15': False, 'break_pre_low_20': False, 'break_pre_high_20': False, 'break_pre_low_30': False, 'break_pre_high_30': False}"
31,2024-01-22,RUM,1000,0.14000000000000012,2.1700000000000004,0.9499999999999997,6.785714285714278,,,4.41,2024-01-22 09:51:35,4.025,2024-01-22 09:38:25,3.94,2024-01-22 09:36:00,two_min_break,2024-01-22 09:36:00,3.94,market_hours_low,premarket_high_break,3.8,,False,,3.8,False,0.31147540983606603,3.8,False,0.24444444444444458,3.8,False,0.7142857142857143,2024-01-22 09:54:00-05:00,4.29,2024-01-22 09:54:00-05:00,4.3,2024-01-22 09:57:00-05:00,4.25,2024-01-22 09:57:00-05:00,4.24,2024-01-22 09:56:00-05:00,4.27,2024-01-22 09:56:00-05:00,4.24,2024-01-22 09:55:00-05:00,4.21,2024-01-22 10:30:00-05:00,4.34,4.89,6.11,3.58,"{'premarket_vol_pct': 0.25943865926875237, 'five_min_vol_pct': 0.17478887286172645, 'ten_min_vol_pct': 0.32371459500768374, 'fifteen_min_vol_pct': 0.43651485143242036, 'twenty_min_vol_pct': 0.6615195695277499, 'twenty_five_min_vol_pct': 0.9507473008112238, 'thirty_min_vol_pct': 1.0487046123944614, 'premarket_return': 0.08401084010840121, 'two_min_return': -0.032363184079601925, 'five_min_return': -0.03980099502487555, 'ten_min_return': 0.00388059701492538, 'fifteen_min_return': 0.017437810945273746, 'twenty_min_return': 0.057213930348258835, 'twenty_five_min_return': 0.07835820895522394, 'thirty_min_return': 0.05995024875621913, 'break_pre_low_5': False, 'break_pre_high_5': False, 'break_pre_low_10': False, 'break_pre_high_10': False, 'break_pre_low_15': False, 'break_pre_high_15': False, 'break_pre_low_20': False, 'break_pre_high_20': False, 'break_pre_low_30': False, 'break_pre_high_30': True}"
32,2024-01-31,PLUG,1000,0.09920000000000018,0.7707999999999995,0.3807999999999998,3.838709677419346,,,4.16,2024-01-31 09:40:50,4.1312,2024-01-31 09:40:45,4.0692,2024-01-31 09:38:00,two_min_break,2024-01-31 09:38:00,4.0692,market_hours_low,premarket_high_break,3.97,,False,,3.97,False,0.5263157894736872,3.97,False,0.4416873449131535,3.97,False,0.29435483870968027,2024-01-31 09:44:00-05:00,4.13,2024-01-31 09:54:00-05:00,4.17,2024-01-31 09:45:00-05:00,4.11,2024-01-31 09:54:00-05:00,4.21,2024-01-31 09:52:00-05:00,4.19,2024-01-31 09:52:00-05:00,4.17,2024-01-31 09:55:00-05:00,4.17,2024-01-31 10:05:00-05:00,4.13,4.45,4.84,3.67,"{'premarket_vol_pct': 0.09615353391056757, 'five_min_vol_pct': 0.06790742780032391, 'ten_min_vol_pct': 0.0984325930652418, 'fifteen_min_vol_pct': 0.15172087490059707, 'twenty_min_vol_pct': 0.20680874076527256, 'twenty_five_min_vol_pct': 0.2626407101031751, 'thirty_min_vol_pct': 0.29112655377609575, 'premarket_return': 0.11413043478260865, 'two_min_return': -0.002585365853658317, 'five_min_return': -0.013414634146341364, 'ten_min_return': -0.009756097560975618, 'fifteen_min_return': 0.007585365853658654, 'twenty_min_return': 0.03170731707317098, 'twenty_five_min_return': 0.021951219512195363, 'thirty_min_return': 0.021341463414634276, 'break_pre_low_5': False, 'break_pre_high_5': False, 'break_pre_low_10': False, 'break_pre_high_10': False, 'break_pre_low_15': False, 'break_pre_high_15': True, 'break_pre_low_20': False, 'break_pre_high_20': True, 'break_pre_low_30': False, 'break_pre_high_30': True}"
